ParentId, Reputation, Votes
10822,82,1
10905,82,2
10919,82,11
17984,101,5
18093,82,2
22429,97,1
26450,77,2
26842,113,1
28428,123,4
30379,90,1
31673,91,1
32803,90,1
33233,77,1
35905,90,1
36028,91,1
36079,91,6
36262,77,1
40021,103,1
40151,97,2
40845,121,5
44989,82,1
48905,115,2
49164,79,5
49908,123,3
52702,101,4
54546,88,1
56046,79,4
56801,79,4
56944,81,3
60204,79,3
60259,101,1
60685,121,4
61057,113,2
66654,88,1
67418,75,5
69538,106,2
76412,97,6
76464,86,1
76553,96,1
76781,86,1
87179,86,3
89752,78,1
90078,95,7
90288,101,3
93153,81,2
97594,77,2
101061,116,1
103843,107,2
104068,91,5
106431,89,2
106965,81,1
108689,97,2
109044,101,2
110426,106,1
110632,118,2
110930,109,1
111294,86,1
111391,97,1
111558,107,3
113737,78,1
113916,121,2
114725,118,1
117127,116,1
117379,121,1
120886,116,3
120900,96,2
121063,86,1
122178,88,1
122205,101,8
123918,91,1
125849,101,1
126759,98,1
127886,97,1
133390,86,1
133986,113,1
135591,83,4
136026,113,3
136300,98,1
137950,83,5
138514,121,3
139358,119,3
144516,121,1
145350,77,2
145728,103,14
146097,103,1
146367,121,3
148262,118,1
150539,86,1
150845,121,3
150923,121,1
152160,113,2
152307,101,3
153227,108,1
154754,123,2
155977,109,1
156527,103,9
156688,101,1
157480,111,16
157599,100,1
158382,96,3
159190,93,3
160022,97,1
160960,108,3
161369,86,1
161539,88,3
161540,111,2
162399,86,13
163603,83,4
163757,117,2
165133,111,5
166431,116,25
166615,79,1
167485,118,5
171878,101,1
172764,101,1
173241,100,3
173775,100,2
174387,82,1
174914,103,1
176473,79,1
178561,78,8
179128,91,1
179556,114,1
179834,76,4
182611,86,1
182984,99,1
183925,123,1
185203,96,3
185241,113,2
188248,86,1
188968,108,1
192126,99,3
193802,92,9
194579,119,4
195317,99,1
196418,88,2
198493,88,1
198857,88,2
201865,99,6
203050,76,2
203161,82,3
203497,99,2
203927,121,2
207260,89,5
208653,86,2
208978,111,1
209216,88,2
211270,88,11
211567,121,12
211625,111,1
212050,100,1
212257,81,1
212681,86,1
213181,86,3
213671,100,2
213691,120,2
215160,99,2
217301,88,2
219590,99,1
221006,96,1
221108,91,2
221523,115,1
222536,81,4
222667,96,2
224295,99,4
225607,86,1
226436,79,3
226677,87,1
226823,82,2
234006,121,1
234888,86,1
235369,115,4
236376,115,4
236715,99,3
237921,115,1
238340,99,4
239207,78,1
239697,77,2
240874,81,9
241396,86,2
241595,99,1
241860,115,4
243617,86,2
244663,99,1
244861,81,2
245027,99,2
246137,116,1
246951,86,2
248838,88,5
249557,113,1
249860,81,1
251117,115,9
251740,119,1
252050,77,3
252559,111,1
252991,81,4
255566,105,1
258551,77,5
259014,86,1
259087,114,1
259314,92,4
259650,91,9
260180,85,1
260256,80,3
261125,106,2
262026,119,4
262378,96,4
265855,99,1
265888,83,2
266997,76,3
267140,82,6
267924,99,8
269308,85,1
269621,77,1
271380,88,5
272717,95,2
275421,99,3
276499,83,1
279392,118,2
280489,76,1
281890,116,1
282575,99,1
285276,123,3
288045,91,1
288350,115,2
289093,99,2
289186,115,4
289274,115,9
289496,86,1
290330,91,3
290523,78,1
291455,118,4
292403,99,1
293098,116,1
293187,89,2
293625,88,4
293774,107,4
294285,78,4
294931,101,1
294939,88,10
296268,91,6
297555,99,2
297645,99,1
298644,80,3
298786,91,3
300217,92,2
301826,96,1
301934,81,1
302279,76,2
302504,89,1
302572,81,5
303174,121,1
303829,85,11
304044,88,1
304213,91,2
307273,120,1
307365,99,1
307391,86,1
308353,115,2
309191,94,1
311243,94,2
313137,96,6
313253,103,1
313451,115,3
313992,116,1
314357,91,2
315708,99,5
316139,99,2
316165,102,1
318160,85,2
318341,115,9
319463,115,7
319950,105,1
321137,120,2
321468,115,2
321543,95,1
322772,99,7
322837,99,4
323163,81,1
323179,117,7
323397,121,9
324085,81,4
325733,115,1
325818,122,2
326060,80,9
326282,113,1
326754,81,3
328824,78,1
329125,99,3
329210,115,4
329921,88,9
331432,115,4
332800,76,1
333033,99,4
333841,87,1
334119,91,3
334277,116,1
335073,99,2
336240,116,1
336731,106,1
337058,80,1
337576,115,6
339004,120,8
339116,119,1
340550,101,1
341728,83,1
342330,86,2
342789,99,2
343220,84,2
343571,124,1
344684,105,1
346127,121,3
346313,100,2
346542,99,6
346793,115,2
346855,81,3
347226,89,6
351402,99,1
352335,124,8
352623,99,2
352954,118,1
354888,102,2
356010,121,2
356382,99,1
356883,121,1
359126,105,1
360649,110,1
361330,96,2
362227,78,1
362941,101,2
363156,81,4
363889,81,1
364951,88,1
365029,121,2
365262,113,2
365699,91,1
366728,87,1
370946,95,2
371861,87,1
371878,88,11
374606,113,3
374744,121,3
376812,105,8
376903,116,1
378299,93,4
378622,121,2
379133,81,6
379338,107,4
379975,99,1
380050,98,2
380588,123,2
380798,110,2
380962,99,1
381496,78,1
381980,118,6
383129,83,1
383480,76,3
383938,96,2
389503,95,1
392235,88,5
392775,111,5
393381,105,2
393786,99,1
393873,81,3
394942,99,1
394959,99,3
395030,76,2
395436,99,2
395525,110,5
397926,110,4
398664,93,1
401231,87,1
402630,83,1
404169,116,2
404617,110,1
405808,109,1
408735,88,13
409049,99,1
410150,77,4
410540,88,15
411195,82,1
412634,119,3
413924,96,1
414905,81,7
415974,123,3
417370,83,1
418186,76,1
418741,118,3
418910,106,2
418984,88,3
421339,96,2
422555,121,1
423469,82,4
424066,92,1
425112,86,1
425388,87,1
427009,98,4
429841,81,1
430047,92,3
430898,99,1
430942,124,1
431010,99,3
431752,76,4
432038,88,5
432825,101,3
433087,78,1
433331,85,1
433539,81,15
433795,111,4
434312,99,3
435067,88,2
437122,81,2
437827,98,6
437928,77,3
438530,117,2
439086,81,2
439213,81,2
439727,103,1
440320,79,4
440797,76,7
441609,81,5
441739,92,3
442187,110,1
442384,92,2
443305,81,3
443642,101,1
446380,103,5
447391,121,2
447546,77,7
447840,80,1
448009,85,1
448514,101,1
448842,113,2
449241,92,4
450107,121,6
453808,79,1
454989,93,2
455132,80,3
455184,117,4
459126,123,1
459233,121,12
460815,90,1
461068,93,3
464736,121,8
465040,78,1
467094,76,11
467329,121,3
467854,75,2
467934,116,3
467986,88,5
469072,85,1
470696,76,1
472137,88,1
472977,79,5
474107,97,4
475367,107,2
476474,96,2
476591,88,5
479353,76,3
479926,85,1
479929,96,1
481122,99,3
482314,96,3
482647,93,3
483400,113,1
484130,77,2
484220,79,8
484241,121,5
484926,81,1
486380,100,3
487649,81,2
487671,76,1
487737,118,1
487849,76,1
488154,75,1
490053,86,1
490682,96,2
492507,118,1
492977,96,1
493613,77,1
494109,86,3
494397,99,3
495744,121,1
495868,88,2
495963,99,3
497133,88,4
498363,88,4
499200,99,2
499328,81,1
499578,99,5
500995,96,3
501085,92,5
501363,88,5
501511,92,1
503310,121,8
503894,99,1
504122,81,1
504887,97,1
505314,92,1
505397,86,14
506284,101,1
506702,89,1
507376,76,3
507526,92,2
508441,116,1
509317,96,2
509391,121,1
510097,79,1
512157,121,1
513944,99,3
514155,77,1
515317,88,1
515531,94,2
515844,82,39
516501,76,1
516521,92,3
516798,113,4
516951,88,3
517434,101,1
520013,99,1
520811,99,1
521723,119,3
521921,88,2
523001,99,1
525336,88,10
525362,107,1
527851,76,3
528767,95,1
529836,88,7
530760,99,1
530808,96,1
531171,86,5
532566,95,2
532670,110,7
532773,99,3
533305,95,7
533817,110,7
534963,76,8
535053,88,5
535353,93,1
537848,88,4
539339,86,1
539774,91,1
540889,86,2
542439,92,2
542580,113,3
544476,86,4
545957,82,7
547195,121,2
548657,106,4
550826,93,2
552280,99,1
553246,76,3
554145,97,12
555344,76,6
555391,124,1
556592,81,5
556787,78,1
557344,106,3
557675,76,2
559853,83,2
560663,81,2
561457,76,5
563308,81,4
564358,119,4
564676,76,1
565030,82,3
565368,91,1
566362,77,5
567491,99,11
568412,104,3
569423,81,1
570052,76,3
571635,109,1
571898,121,8
572969,76,5
573487,76,5
574818,93,2
577205,115,2
577379,115,3
579770,91,11
579812,117,1
580229,116,4
580277,91,5
580941,116,2
581110,103,1
581491,86,1
582365,99,2
582431,121,1
582726,76,2
582798,123,3
583004,95,1
583391,107,1
585651,101,1
586235,81,3
586482,120,1
586653,121,3
589841,120,1
590859,76,3
592581,86,1
593258,91,4
594428,92,1
595045,110,2
595320,81,2
596236,118,2
596686,92,3
597134,121,2
597813,92,4
598722,82,3
599304,86,1
602232,101,2
603287,91,8
603895,113,3
604993,92,6
605148,122,1
606124,101,5
606135,113,2
606690,97,1
606713,99,2
606765,99,3
606786,82,2
606946,109,4
606984,76,3
607813,86,1
608088,106,2
609596,103,2
609697,86,1
609735,113,2
610021,86,6
610680,91,5
611471,92,2
611802,116,1
611981,114,3
612571,101,1
613276,113,1
614233,113,5
615354,121,2
615541,114,12
616036,103,3
616301,81,1
616389,122,1
617175,93,1
617598,122,3
617867,78,4
617889,111,1
618103,76,1
621121,112,3
621262,78,6
623004,88,1
623208,81,1
623864,101,1
624009,109,3
624252,99,1
624668,99,3
624671,92,2
625636,113,5
626290,91,2
626835,76,4
627670,92,1
628235,92,2
629115,92,1
629864,99,1
630248,106,1
633627,109,2
635247,92,1
635627,88,2
637543,92,4
637613,122,2
637620,88,1
639141,103,1
640717,106,1
640857,88,2
641121,76,3
641182,102,1
641265,118,7
641641,91,1
642000,86,3
642163,81,1
642741,106,3
642801,81,1
643169,106,4
643812,92,1
645305,88,4
645733,100,1
646127,91,2
648542,89,3
648638,113,5
649806,86,1
649993,99,2
651242,82,3
651962,99,2
652518,86,1
652535,81,6
653122,88,12
659692,89,2
659858,99,2
660294,114,1
662582,83,2
664717,101,2
664819,121,2
665676,92,3
666757,113,3
666899,121,2
668210,92,1
670138,120,2
672079,121,1
673962,98,2
674783,101,2
675815,88,5
678409,83,1
679225,81,6
679357,86,1
679404,116,1
679829,78,4
680518,101,4
680863,83,2
680912,92,3
681549,93,1
681979,84,1
681986,96,1
682762,93,3
683138,89,1
684382,93,1
685851,93,1
686822,104,1
689587,121,2
690356,113,4
693318,113,1
693342,102,1
694003,101,4
694212,81,3
694493,81,2
696830,103,2
697286,101,1
697389,76,1
698222,118,2
698285,78,1
698509,93,2
699510,79,6
700680,122,1
702192,121,2
702195,122,1
702409,96,1
704334,81,1
704642,93,1
705475,103,4
705659,121,1
706173,113,8
706369,83,3
707981,91,4
709066,113,6
709746,99,1
710123,86,1
710127,83,1
710570,98,1
712616,88,1
713377,99,2
713398,106,2
714171,76,11
714456,96,6
714879,103,1
715920,78,6
716463,92,2
716683,104,1
717192,99,1
717392,95,1
718219,99,2
718443,86,1
720126,91,1
720326,93,4
720620,92,1
721049,92,3
721296,92,3
721380,92,2
721772,92,5
722383,105,2
722487,106,1
722488,76,4
722739,92,3
726629,106,1
727113,121,3
727338,93,1
729497,101,3
729687,93,1
730143,96,5
731093,99,1
732207,120,1
732563,112,1
732754,109,1
734583,121,4
734990,76,5
736638,82,3
736772,75,1
737255,96,1
737809,83,4
738467,96,7
738527,108,5
738859,92,1
739311,92,1
740302,107,1
741294,116,5
741857,107,2
743523,113,1
744990,86,1
745595,92,2
745969,99,1
746298,111,1
749248,99,16
750153,107,2
751392,81,1
751455,92,1
753537,92,5
753615,108,1
753636,111,2
754420,92,4
754546,99,1
754666,99,4
755796,99,11
756216,92,1
757255,119,1
757809,118,1
757922,91,4
758605,83,2
758794,99,1
758880,99,1
759551,76,1
759903,78,2
760761,113,1
760781,103,2
763008,78,3
763793,107,3
765285,123,2
765526,92,6
765854,104,3
766096,76,1
766149,81,3
766566,99,4
767181,83,2
767944,113,1
769156,123,5
770107,88,7
770342,81,12
770631,121,2
771966,76,2
773622,76,1
774774,99,7
777858,113,2
779318,105,2
782303,81,2
783623,81,2
785039,122,3
785510,86,4
788398,76,2
789404,81,8
789818,121,1
789827,124,4
790525,81,9
791016,81,1
791155,81,5
791352,89,2
791600,92,2
792891,121,1
794531,81,8
795224,93,6
795312,114,1
795512,75,6
795963,80,1
796734,90,1
797723,101,1
798553,99,2
799530,88,2
801958,110,1
802250,106,1
802348,80,2
802357,121,1
804180,116,1
804969,105,3
805027,80,2
805199,78,2
807457,103,1
807703,81,14
809356,81,1
811217,81,1
811314,94,1
811562,99,2
811737,121,1
812146,121,1
812288,83,4
812882,100,5
813240,122,1
814637,99,1
815074,98,1
815784,115,2
815845,99,3
816288,109,3
816557,91,2
816963,99,2
817431,109,11
817480,81,4
818435,86,1
820423,95,1
821220,81,2
821375,110,1
822554,78,1
823376,83,2
823727,106,1
824052,121,2
825107,88,1
826307,83,1
826663,109,8
826904,79,2
827395,81,11
829555,89,4
831188,93,1
831301,84,8
831319,116,1
831499,101,6
832185,115,1
832626,97,2
833381,101,1
833481,87,1
835276,80,2
835420,81,1
835836,98,2
836440,76,2
837993,89,4
839465,82,1
839705,108,1
840011,114,2
840674,101,1
841952,101,3
843146,81,9
843290,76,1
844027,121,2
844145,99,2
844388,89,2
844862,95,2
846600,93,2
847448,106,3
849927,85,1
849955,123,2
852794,99,1
852986,76,1
855647,81,2
856588,93,1
856761,122,1
858442,75,2
858977,116,5
859314,84,2
859496,76,2
860467,96,1
860918,103,1
861060,76,7
861866,121,13
862111,116,3
862828,110,1
863005,79,1
863285,79,4
863830,85,1
865581,79,1
866860,101,1
867499,76,1
867530,121,1
868701,101,1
869525,88,1
870188,86,2
871188,76,1
872380,108,1
873008,84,2
873544,79,5
873702,93,3
876206,103,2
876258,81,2
876617,106,1
879704,86,1
882382,99,1
882407,76,2
882646,114,1
883699,81,4
883958,116,2
886447,86,3
886451,93,1
888063,111,6
891016,99,1
891990,110,2
892426,75,1
892777,124,3
892934,93,1
894397,81,1
896207,83,1
896439,76,1
897880,98,2
898286,83,5
898519,105,3
898999,108,1
899001,85,1
899016,81,3
899057,82,3
899198,81,2
903637,99,1
905424,78,5
905530,113,1
905897,110,1
905999,96,1
906001,93,1
907861,109,1
909264,93,3
911712,81,3
913489,116,2
914036,99,2
915442,81,3
916067,107,3
917112,86,3
917138,105,1
917379,119,1
917612,76,1
917679,95,2
920077,121,2
920920,86,1
921391,105,1
921792,93,2
922606,75,1
923806,86,1
924102,111,1
924211,99,1
925536,81,2
926180,86,3
926935,86,1
927642,81,3
928662,116,6
929600,76,2
929975,116,1
930594,114,1
931466,81,1
931573,90,1
933118,86,1
933439,86,2
935071,93,1
935590,104,5
935787,81,3
935958,105,6
936226,111,2
938230,82,3
938635,101,5
940508,83,5
940572,93,1
941296,86,4
942267,106,1
943216,98,1
943911,121,2
944031,103,3
944167,110,10
944226,106,1
944763,93,3
944838,99,7
945898,116,5
946409,111,2
949259,103,1
949964,119,1
950268,93,2
950354,93,1
950724,116,2
952229,85,1
953017,96,2
953082,121,2
954085,113,2
954247,111,5
954307,104,2
954398,116,7
954846,112,2
955999,99,2
956166,76,1
957337,93,2
958350,83,5
958754,101,1
959209,124,3
959797,123,1
961446,91,1
961973,103,1
962174,99,2
962231,103,4
962436,99,2
962475,88,8
963594,115,1
963599,116,2
964535,90,2
964945,88,5
965108,93,2
966029,81,3
966933,103,1
967781,96,2
967837,106,1
968798,104,1
969278,118,1
969939,116,11
970017,91,5
972376,79,7
973073,101,1
975590,80,5
976357,86,3
976527,104,1
978187,78,1
978932,76,2
979200,76,3
979735,76,1
980166,116,2
980928,86,4
981399,123,8
981496,116,1
982367,96,9
982566,122,1
982697,88,2
982998,122,1
984263,76,1
985338,79,1
987283,102,1
987537,122,1
987886,81,1
990141,115,2
991343,122,2
991583,114,5
992220,76,1
993905,103,1
994095,77,2
994359,114,2
994950,90,1
996464,99,3
996506,101,4
999004,97,3
999123,93,1
1002092,123,3
1002185,121,1
1002926,113,3
1004442,75,1
1005416,93,1
1007493,86,2
1008308,114,3
1008331,91,3
1009445,103,1
1009940,115,1
1010339,88,1
1011536,113,3
1011677,88,2
1012054,76,3
1015449,76,3
1016112,95,2
1017381,113,1
1018704,78,1
1019839,104,2
1020798,101,1
1021613,117,1
1021933,106,1
1021988,106,5
1022803,85,1
1022966,114,1
1023413,86,4
1023955,123,4
1025171,90,2
1025390,77,2
1026513,76,9
1026945,91,1
1027658,81,7
1028313,91,3
1028719,86,2
1031289,111,3
1031357,92,4
1031503,79,1
1031861,93,1
1032119,76,1
1033524,93,3
1033580,86,1
1033703,77,1
1034408,93,2
1036279,93,1
1036782,93,1
1036864,81,3
1036884,76,9
1037248,121,2
1037478,108,8
1040269,81,1
1041373,113,1
1042868,101,1
1043027,85,1
1043246,111,2
1044215,76,6
1045827,103,5
1046234,97,6
1046577,93,1
1047505,91,1
1047663,116,2
1047947,88,1
1048401,99,1
1049379,76,4
1049674,88,2
1049682,86,3
1051843,93,1
1053855,79,1
1054057,77,1
1054285,120,1
1054476,79,1
1058258,111,2
1058881,77,1
1059826,97,4
1060137,83,2
1062129,117,2
1062690,94,1
1063255,106,1
1063857,101,15
1064196,121,2
1064473,91,2
1064981,93,2
1066172,123,2
1066450,114,1
1067409,106,2
1067730,89,1
1068165,82,1
1068752,77,1
1070158,101,11
1070486,101,1
1070572,101,2
1070882,97,3
1071370,75,8
1071894,110,3
1071904,80,6
1072119,100,2
1072375,83,6
1072581,80,1
1074200,117,4
1074729,120,2
1075048,93,4
1075387,102,2
1075423,99,2
1076881,101,1
1077580,83,3
1077609,93,2
1077649,121,1
1077777,98,3
1077959,108,1
1078964,88,5
1079023,78,2
1080202,103,3
1080327,76,2
1081085,93,1
1081789,96,1
1082460,81,4
1083391,76,2
1083702,101,2
1084392,99,10
1084408,99,5
1084978,117,5
1085637,81,2
1086127,78,3
1086994,117,5
1088010,99,3
1089004,93,1
1089054,116,2
1089662,76,5
1091518,99,1
1093426,102,3
1093710,120,2
1094147,103,1
1094297,98,1
1094533,105,1
1095352,83,2
1096300,117,2
1096477,88,7
1097645,77,1
1097936,116,3
1098379,93,5
1098407,121,1
1099954,114,1
1100040,83,1
1100199,81,1
1101660,99,3
1102134,117,1
1102516,87,1
1104477,99,1
1106772,111,1
1108101,116,2
1109136,81,3
1110363,103,1
1110705,117,2
1111692,99,1
1111707,81,4
1111991,81,1
1112228,81,2
1112896,103,2
1113705,106,2
1114963,114,2
1115212,114,6
1116275,99,2
1116721,113,1
1116745,96,1
1116788,119,2
1117750,88,2
1119740,81,2
1121411,115,1
1121703,99,1
1121823,100,1
1122609,87,2
1122775,115,1
1122810,78,1
1123196,99,1
1124169,117,1
1124587,113,2
1124956,99,3
1127701,81,4
1129105,91,2
1129410,88,6
1130242,114,1
1132302,106,1
1133715,101,3
1134845,83,4
1135614,106,2
1136327,88,2
1137991,87,1
1138339,81,4
1138471,97,3
1138588,93,5
1139538,103,3
1140223,96,2
1141544,76,1
1142480,121,6
1142496,83,1
1142644,93,4
1143890,116,3
1144253,76,1
1144562,117,1
1144622,78,1
1144840,101,2
1145545,76,1
1145746,88,3
1147249,96,1
1147864,99,1
1148938,101,5
1151765,121,4
1152434,86,2
1152870,96,3
1153299,99,5
1153690,101,2
1155409,117,11
1155748,80,1
1156365,76,4
1157635,89,2
1158348,96,6
1158550,81,1
1159697,76,1
1159749,121,4
1159956,106,1
1160205,101,2
1160337,91,1
1160705,120,2
1162677,93,6
1162739,93,1
1163138,96,2
1163177,103,1
1163250,121,2
1163484,121,1
1163524,88,4
1164322,120,1
1164614,76,1
1166089,99,1
1166214,99,1
1168687,76,3
1169836,96,6
1170270,77,1
1170519,94,1
1170660,75,4
1171083,88,1
1172126,88,1
1172584,101,2
1172997,96,1
1173520,101,5
1173678,99,3
1173789,77,2
1175125,91,2
1175506,86,4
1175855,91,1
1176139,117,1
1176516,116,5
1178182,91,1
1178733,96,1
1180820,77,2
1181311,119,2
1182183,81,2
1183167,88,1
1183419,93,4
1183450,93,3
1183776,88,3
1183842,91,4
1183893,88,3
1184211,83,3
1184556,103,5
1184634,115,3
1185362,96,2
1188220,93,14
1189072,96,2
1190488,86,1
1191621,103,1
1192269,106,2
1193296,96,1
1193858,93,2
1194104,88,4
1194223,76,2
1195037,93,3
1195203,77,2
1196351,96,4
1197592,114,2
1197887,91,1
1198717,111,3
1199211,79,1
1199283,96,2
1199695,93,1
1200814,113,1
1202526,76,1
1202544,120,1
1203253,91,1
1203295,117,4
1205120,119,1
1206801,83,2
1207329,91,2
1207644,103,3
1207838,91,3
1208322,117,18
1208845,113,1
1208901,81,4
1209787,105,1
1210230,91,1
1212753,77,6
1212902,77,2
1214717,124,1
1215641,93,7
1215767,101,12
1215805,75,2
1215979,77,2
1216272,113,2
1216508,99,3
1216997,103,3
1217068,93,1
1217244,96,3
1217483,115,1
1218315,101,3
1218348,88,3
1219214,76,2
1219789,88,1
1220251,91,4
1220714,88,2
1222128,75,1
1222950,90,1
1223287,123,1
1223374,75,2
1223552,104,1
1223671,93,7
1223691,88,2
1224412,113,1
1224529,115,1
1224711,99,5
1225216,101,2
1226567,123,2
1227945,83,2
1230070,108,1
1230753,88,6
1231008,81,1
1231292,100,5
1233170,75,2
1233979,102,1
1234687,114,1
1236245,106,1
1236805,99,1
1237090,121,5
1237472,121,1
1237847,86,6
1238354,93,1
1238955,99,1
1240547,113,2
1240813,96,2
1241000,121,1
1241284,75,4
1241509,91,4
1242663,81,2
1243162,96,1
1244501,101,1
1245388,80,4
1245869,103,2
1246044,96,2
1246263,101,2
1247728,86,2
1248308,111,2
1249671,111,4
1249986,91,1
1252099,113,2
1253311,106,1
1253541,113,3
1253772,82,3
1253829,122,6
1254578,76,3
1255499,99,5
1255952,75,1
1256012,76,3
1260923,106,1
1261012,81,1
1261117,121,1
1262084,101,1
1262142,104,2
1262237,85,2
1262758,81,2
1262903,83,2
1262905,81,1
1263088,75,3
1263378,122,1
1263800,96,2
1264977,96,1
1265452,106,1
1266569,106,1
1266882,76,1
1266943,106,5
1266964,81,1
1266978,106,1
1267587,82,2
1269057,103,3
1269086,96,1
1269449,81,1
1271445,86,1
1271594,85,1
1271657,79,4
1272161,96,3
1272609,106,2
1273733,106,2
1274105,91,1
1274293,106,5
1275003,76,3
1276118,96,2
1278937,101,3
1279490,117,2
1279663,106,1
1280854,91,7
1281098,88,1
1282286,88,2
1282685,91,5
1284578,81,4
1284932,88,2
1287401,81,1
1290834,123,1
1291697,88,1
1292091,88,1
1293402,99,2
1294024,93,1
1294932,91,1
1295452,96,1
1295913,97,2
1296546,101,2
1296741,121,2
1297044,89,9
1297069,81,1
1297427,99,1
1297750,91,2
1298113,88,7
1298259,88,2
1298982,96,2
1299840,108,1
1300500,92,2
1301533,83,1
1301731,86,1
1302624,86,2
1302653,92,2
1302705,86,3
1304452,116,1
1306265,79,3
1307098,91,2
1307399,81,2
1307495,91,4
1307767,99,3
1308149,83,7
1308554,88,2
1308905,113,3
1309072,78,1
1309315,118,1
1309781,83,1
1311169,109,5
1311360,103,3
1311425,103,4
1311472,93,3
1312142,107,4
1314054,116,2
1315042,98,1
1315055,96,2
1315465,117,2
1316040,96,3
1316186,111,6
1316407,88,3
1316701,93,1
1316833,81,1
1317583,88,3
1318071,93,2
1318869,93,4
1318983,93,3
1319230,96,4
1319320,96,4
1320864,103,5
1321029,77,2
1321497,107,5
1322661,106,1
1322694,88,3
1323737,76,1
1324079,117,2
1324263,103,1
1324307,77,8
1324409,107,2
1327697,76,2
1329400,116,2
1330153,111,2
1330376,88,1
1330987,88,2
1331000,77,1
1331457,81,1
1332195,114,1
1332522,88,3
1333664,95,2
1334754,95,1
1335025,101,2
1336108,96,4
1337865,83,4
1338634,78,1
1339571,95,2
1339766,117,1
1340833,117,2
1341165,79,3
1341603,117,1
1342303,122,1
1342504,114,1
1342852,96,3
1343320,75,2
1345401,88,1
1346338,93,1
1346399,117,2
1348629,117,2
1348804,93,1
1350521,88,2
1350779,110,4
1350910,97,1
1351481,99,1
1351548,99,4
1351633,96,7
1351749,96,1
1353049,100,3
1353852,99,2
1353993,99,1
1356055,117,2
1356665,92,2
1357052,92,6
1358206,92,1
1359310,116,2
1359433,92,2
1359682,75,2
1360218,99,8
1362441,94,3
1363692,78,1
1363935,111,1
1364352,90,1
1364528,101,1
1365067,117,2
1365887,77,1
1366780,117,1
1366824,96,3
1367315,117,1
1367830,106,1
1368330,114,1
1368471,96,1
1369515,101,12
1371891,96,2
1371966,81,2
1372062,77,1
1372292,122,4
1372730,82,5
1372912,111,2
1372996,80,2
1373506,110,2
1373949,119,1
1374246,123,2
1374979,103,5
1375639,76,3
1376129,102,1
1376189,99,2
1376869,114,3
1378890,96,1
1379117,96,1
1380721,122,1
1382352,85,4
1382394,76,5
1383500,93,3
1383661,96,1
1385730,96,3
1386295,88,1
1386780,117,2
1387298,76,1
1388190,111,1
1389426,89,3
1389500,99,2
1391283,103,1
1392154,79,3
1392805,80,4
1393371,88,1
1393873,117,9
1394094,117,1
1394910,97,2
1396501,96,6
1396529,92,2
1397113,98,4
1397649,103,2
1398539,103,1
1399299,89,1
1400716,83,2
1400806,97,1
1401404,96,2
1402026,85,1
1402603,75,3
1402693,92,3
1402903,89,1
1402936,99,2
1403517,116,2
1404092,106,2
1404566,116,2
1406293,85,1
1409392,101,2
1409402,88,1
1410010,117,1
1411542,117,4
1411867,92,1
1413118,80,3
1415147,76,6
1415466,96,2
1415511,80,1
1416633,88,9
1417438,96,1
1417639,96,2
1417727,96,1
1417776,103,5
1417909,80,1
1418472,90,2
1418519,99,1
1419126,80,2
1420081,106,4
1420139,103,2
1420499,92,1
1420948,96,3
1421064,121,2
1421824,86,3
1422655,117,1
1424121,115,1
1424382,80,1
1424548,99,1
1424636,116,4
1425737,92,2
1427458,114,1
1427845,121,1
1428317,101,1
1428340,96,5
1432068,117,1
1432229,79,1
1433334,101,1
1433360,121,3
1433954,120,1
1434980,89,1
1436152,99,1
1437261,121,1
1437888,88,8
1437917,120,1
1438587,76,1
1439153,86,1
1439229,95,2
1439669,81,1
1439681,119,6
1439741,103,1
1442017,123,5
1442786,88,1
1443579,122,1
1443625,99,1
1444733,80,3
1445561,88,1
1445585,96,7
1446285,76,1
1447598,115,5
1448250,76,4
1448409,81,4
1448596,96,6
1451808,80,1
1452092,80,2
1452212,79,2
1453040,80,1
1453365,101,2
1453524,92,3
1454416,103,2
1455301,121,1
1455847,79,1
1456076,114,3
1456077,96,1
1457533,81,3
1457633,80,5
1458293,96,7
1458786,105,2
1458843,76,2
1460139,86,1
1460462,83,2
1460761,92,2
1461911,93,2
1461977,111,3
1463597,92,10
1464032,96,3
1465356,92,3
1465525,99,6
1467032,96,1
1467553,114,2
1468427,79,1
1468570,99,4
1468580,123,3
1469144,99,2
1469586,96,2
1470265,80,2
1471107,101,3
1472341,103,2
1473332,86,1
1473835,101,1
1474365,106,4
1474692,121,1
1476992,121,2
1477120,76,2
1477502,80,3
1478092,101,5
1479498,108,11
1479614,106,2
1481107,76,4
1481140,92,4
1481421,96,4
1482430,81,2
1482564,107,2
1483690,93,1
1483987,80,1
1485692,101,2
1488001,113,1
1491811,92,2
1492398,111,3
1492942,86,6
1493908,91,1
1495221,101,2
1495636,79,1
1495702,86,2
1496092,76,1
1497970,91,2
1498803,105,1
1500639,96,1
1501381,76,4
1502218,88,9
1503128,89,1
1503482,118,2
1504644,76,1
1504667,78,2
1505648,101,4
1506243,102,6
1506414,101,3
1506460,75,1
1506548,103,4
1507190,76,1
1509051,81,4
1510903,92,5
1511177,101,2
1512513,110,1
1512876,88,4
1513056,85,2
1514381,90,1
1514548,77,2
1514594,85,2
1514893,118,2
1515597,92,1
1515787,85,2
1516117,85,4
1516259,92,2
1516385,99,2
1517033,105,1
1517411,96,2
1517746,80,1
1517975,80,2
1518135,97,1
1520796,113,1
1520986,85,3
1521397,110,1
1521802,110,1
1522620,92,2
1522917,93,4
1524349,85,2
1524474,85,2
1525041,117,1
1525244,99,2
1525414,81,3
1525711,118,1
1526990,114,2
1527641,96,3
1527685,103,1
1527789,96,2
1527849,103,4
1527973,75,1
1528696,78,9
1529263,96,1
1529951,77,1
1531062,85,3
1531091,96,3
1531302,111,9
1534098,85,4
1534522,76,1
1534626,77,2
1534971,99,1
1536457,96,1
1536772,121,1
1537234,99,2
1537270,121,2
1537345,106,1
1537901,101,7
1537932,104,1
1537968,116,2
1538414,113,2
1538500,114,1
1538621,86,1
1538625,101,1
1539386,83,1
1539869,107,1
1540360,96,1
1540430,100,2
1540444,86,1
1541711,93,1
1541817,81,6
1542181,93,2
1543338,116,1
1543916,93,1
1547427,85,4
1547465,103,1
1547801,99,7
1547882,99,1
1548276,94,7
1548853,79,1
1549045,92,1
1550289,108,1
1550418,79,1
1552135,92,1
1553068,82,1
1553752,79,8
1553917,79,6
1554795,99,3
1555594,92,1
1555823,83,2
1555919,103,1
1557180,84,1
1558259,79,2
1558278,107,1
1558357,75,1
1559065,85,4
1560425,116,2
1563942,99,2
1564788,88,3
1565199,100,1
1565218,103,1
1566138,85,6
1566233,81,5
1567726,97,1
1568039,90,3
1569532,99,16
1569609,81,1
1570367,76,1
1570581,96,3
1570951,83,1
1571347,79,1
1571454,76,1
1571637,78,2
1573254,97,2
1573798,107,3
1574188,85,2
1576329,91,1
1576831,91,2
1577378,85,1
1580539,96,2
1580927,88,1
1581344,121,1
1581505,88,3
1582145,85,3
1582673,96,2
1582681,99,1
1583085,121,2
1583347,108,1
1583896,84,1
1584524,96,3
1585358,93,9
1585993,78,1
1586422,80,1
1586888,92,1
1587571,91,2
1587722,93,1
1588283,88,2
1588540,77,1
1588777,121,1
1589167,93,1
1591341,99,6
1593839,86,1
1595424,107,1
1595439,90,2
1597008,79,2
1597430,103,1
1600343,116,2
1600742,81,1
1601442,103,3
1602436,86,2
1603115,95,1
1603300,97,7
1603668,99,4
1603696,96,7
1605150,110,2
1608175,107,2
1608302,100,1
1608626,79,1
1608707,106,1
1608758,107,1
1608996,103,4
1609327,103,1
1609638,121,1
1609877,96,7
1610577,88,5
1610687,85,2
1610755,100,1
1611842,86,1
1613390,79,1
1613650,85,2
1614794,93,1
1616914,88,1
1617154,121,1
1617750,99,1
1618098,79,3
1618509,85,1
1618733,99,4
1618793,86,4
1618975,122,2
1619403,104,1
1619827,106,6
1620122,118,8
1620829,92,1
1621491,113,2
1621532,103,5
1622056,86,2
1622219,98,9
1622884,76,2
1623607,79,6
1624111,111,1
1628314,99,2
1629230,85,1
1631051,108,1
1631888,86,1
1632530,107,1
1633262,91,1
1635392,118,6
1635813,103,1
1635949,118,3
1636446,116,1
1636473,103,2
1638720,79,2
1640886,79,3
1641217,107,3
1641530,88,6
1641635,107,1
1642890,96,1
1643174,99,6
1643799,90,1
1643892,85,1
1645769,123,8
1646312,116,2
1647373,79,8
1648520,93,2
1649351,117,2
1649872,121,1
1651252,84,1
1651271,108,10
1653982,88,1
1655235,85,8
1655509,108,5
1656587,79,2
1656611,124,1
1657342,77,1
1657468,80,1
1657602,100,3
1659494,90,6
1659749,88,5
1660252,92,1
1661538,76,2
1663729,77,1
1665101,88,1
1665755,116,4
1666807,92,1
1666875,92,2
1667397,106,1
1671178,91,6
1671861,88,1
1673448,92,4
1673737,99,3
1675101,118,1
1675670,99,1
1676503,86,7
1676600,97,1
1677148,86,1
1678139,78,1
1680575,106,4
1680934,77,1
1682667,79,2
1683326,103,1
1683647,90,2
1685546,76,3
1686666,103,2
1686940,76,7
1687210,122,1
1689751,118,1
1690998,78,2
1691458,84,2
1692801,91,2
1693747,93,1
1693821,93,1
1694097,105,1
1695103,97,2
1695234,109,3
1695419,78,1
1698340,82,2
1701581,118,2
1701900,113,1
1702371,83,1
1702388,93,2
1703837,90,1
1704959,75,2
1705939,88,1
1706422,89,1
1706453,76,1
1706632,92,2
1707623,116,2
1707940,99,1
1708337,97,1
1708598,82,2
1708691,96,2
1708694,82,2
1709298,91,2
1710492,98,2
1710692,88,1
1712191,99,3
1712407,95,4
1712741,80,3
1713820,95,1
1714568,93,1
1714743,114,1
1716232,79,1
1716335,86,2
1718804,86,6
1719128,101,1
1721459,92,3
1721699,76,8
1721841,76,2
1723622,92,1
1727064,88,6
1727578,79,3
1727642,88,5
1728423,76,1
1728563,92,3
1728768,99,3
1730959,87,1
1731252,92,1
1731726,95,1
1732253,83,1
1733329,92,2
1733488,101,4
1734512,113,1
1736826,88,1
1737500,99,1
1737591,99,9
1740036,108,2
1740264,115,3
1740408,77,2
1740416,121,2
1742885,93,2
1745123,103,3
1746586,92,1
1746617,111,6
1746923,77,2
1747266,85,4
1747292,78,1
1747583,103,2
1747691,116,3
1749392,113,4
1749973,101,1
1750290,92,1
1750837,75,1
1751589,83,1
1754174,101,1
1755080,98,5
1755129,76,1
1757527,110,1
1758205,99,3
1758329,99,1
1758429,115,1
1758969,115,1
1759736,92,1
1760538,119,2
1762246,103,5
1762703,92,2
1763129,121,1
1765815,76,3
1766649,86,1
1767151,75,2
1770401,78,1
1770992,103,1
1772749,116,4
1773309,79,1
1776977,103,2
1777033,108,1
1779966,107,5
1780611,92,1
1781033,92,1
1781362,88,3
1782093,105,2
1782464,103,1
1783081,103,3
1787930,79,2
1790289,79,2
1792687,75,2
1792762,113,3
1792814,106,4
1794448,96,1
1795861,94,1
1796359,76,3
1797423,76,1
1797870,89,2
1797964,88,3
1798232,103,5
1799670,113,2
1801124,88,4
1801187,120,1
1801775,120,2
1802690,79,2
1803316,82,2
1803544,113,1
1804474,116,1
1804913,114,2
1805072,88,1
1805445,108,4
1806323,85,1
1806561,91,2
1806949,96,2
1807290,120,1
1807485,123,1
1809092,93,2
1810231,110,3
1810415,78,2
1810730,89,3
1811954,101,2
1812193,110,1
1812890,76,1
1812961,102,3
1813060,75,1
1813777,91,1
1813902,75,4
1815669,94,2
1815908,86,10
1816594,101,1
1816808,88,2
1818442,76,2
1818546,103,6
1819051,76,2
1819509,76,1
1820316,92,1
1820346,92,2
1820541,88,2
1820548,106,2
1821047,92,2
1821346,77,3
1821427,122,2
1822541,121,2
1824768,103,6
1824838,76,1
1825094,82,2
1825161,103,3
1826061,99,1
1826426,101,4
1829106,75,5
1829381,96,6
1829389,99,4
1830131,100,1
1830289,117,3
1830784,110,1
1831071,86,1
1831189,88,5
1831295,76,1
1832156,113,1
1832800,96,1
1833253,96,2
1834488,76,4
1834954,103,6
1835343,86,1
1835391,93,1
1837449,100,1
1838403,83,1
1840797,100,1
1841510,113,2
1841650,85,8
1842273,83,1
1842834,86,2
1843143,97,3
1843656,101,1
1845722,87,2
1848830,77,3
1854622,88,3
1855413,99,1
1856023,112,3
1856854,83,1
1857080,86,1
1857288,76,4
1858561,86,2
1859680,86,2
1859880,108,8
1860419,76,2
1861387,106,1
1861961,83,1
1863640,79,2
1863879,108,1
1864114,97,5
1864470,111,3
1865298,111,3
1867467,99,2
1867498,82,2
1869502,96,2
1869772,75,1
1870260,84,6
1871171,86,1
1871252,98,1
1871369,113,1
1873274,79,1
1873291,96,2
1873701,78,1
1875631,106,1
1876599,121,1
1878522,106,1
1879808,95,1
1879876,92,1
1881455,92,2
1881578,76,3
1881621,78,4
1881712,103,2
1882378,87,1
1882955,86,1
1884205,92,1
1885097,86,3
1885707,120,1
1885987,83,1
1887951,97,1
1888582,88,2
1890125,101,2
1890270,106,3
1890593,86,5
1894406,92,3
1894691,106,5
1895265,76,4
1896360,86,1
1896788,94,1
1898407,99,2
1899008,86,3
1901585,81,2
1901828,117,10
1902624,81,3
1902792,92,1
1904933,92,1
1905628,86,1
1905645,107,2
1905784,76,4
1907702,96,4
1907872,91,2
1908050,97,1
1908420,81,3
1908741,91,1
1908868,103,3
1909311,86,1
1910738,91,1
1912422,112,4
1912929,83,1
1915880,106,3
1916230,76,1
1916433,121,4
1916656,115,1
1917598,75,1
1918444,79,2
1919449,88,6
1920284,103,2
1922044,116,3
1922355,86,2
1922421,100,1
1925621,105,2
1926454,101,2
1926641,99,3
1926760,81,1
1927667,96,1
1928064,106,2
1928283,123,7
1928571,79,1
1928616,111,2
1930140,90,1
1932377,96,1
1932986,102,2
1933520,103,10
1933663,91,1
1934362,86,6
1936267,86,2
1936436,96,2
1937179,79,3
1937385,86,1
1939748,121,1
1940538,79,1
1941048,86,3
1943294,79,1
1943882,86,1
1944400,86,8
1946697,96,2
1946773,91,1
1951638,101,1
1952356,123,2
1952622,103,1
1953021,80,1
1953156,92,1
1955169,121,1
1955649,97,1
1955880,112,2
1956931,107,1
1957866,92,2
1958700,120,1
1958960,96,4
1959560,116,2
1959708,99,1
1960402,88,5
1961469,99,3
1961690,88,8
1961818,88,2
1962693,88,3
1963321,99,1
1963595,91,2
1964143,89,1
1964938,111,2
1965588,86,3
1966154,96,5
1966792,94,1
1967336,120,2
1967542,96,4
1970102,96,5
1973006,106,5
1974042,86,1
1974143,76,1
1974344,86,1
1975419,75,1
1975981,114,1
1977800,115,1
1978544,109,1
1979561,97,1
1981981,106,2
1982897,99,3
1982927,81,2
1984003,115,2
1985071,97,1
1985973,123,1
1986314,81,1
1986392,113,1
1986885,106,1
1987326,86,5
1987936,106,1
1987943,115,1
1988122,92,1
1988160,96,1
1988908,101,2
1989365,115,2
1990138,97,3
1990219,97,2
1990335,91,1
1991821,86,1
1991918,92,4
1992396,86,3
1993309,85,8
1993643,92,3
1994509,86,2
1995721,86,1
1996724,75,3
1997670,91,1
1997903,101,1
1998183,97,3
1998447,103,4
1998692,96,2
1999639,87,1
2000005,86,1
2000307,115,5
2000476,121,3
2000879,81,2
2001920,92,1
2002453,87,2
2003466,115,1
2003887,115,2
2004015,115,3
2004185,86,3
2005975,99,1
2008123,96,1
2008596,79,4
2010287,115,3
2011000,91,5
2011133,96,5
2011439,111,2
2012356,86,1
2014232,91,2
2014257,114,2
2014545,86,1
2015218,106,2
2015320,86,1
2017237,91,2
2018694,76,1
2018790,96,2
2018852,103,1
2019128,88,2
2021441,79,5
2021947,86,2
2022218,122,6
2022267,102,1
2023237,86,4
2023328,99,9
2024447,121,1
2024644,95,1
2024881,95,4
2027131,86,1
2028410,81,2
2029062,86,1
2029254,81,2
2029267,106,1
2030124,83,1
2030154,96,8
2030771,96,2
2031980,107,1
2032009,117,3
2032876,109,8
2033037,96,6
2033387,86,1
2035604,88,3
2035612,106,2
2036068,123,1
2036200,89,2
2036341,86,1
2036982,86,1
2037028,81,2
2037098,96,1
2039025,96,4
2040233,103,1
2041200,117,2
2041999,92,1
2042182,82,6
2042652,97,1
2043490,86,3
2044565,89,4
2048294,97,1
2048318,121,4
2049182,88,1
2049602,83,3
2050144,99,2
2053114,113,2
2053530,107,2
2054447,88,1
2054954,88,2
2055022,87,5
2055845,103,3
2057760,96,3
2058252,89,1
2059092,92,1
2059861,92,3
2059919,92,1
2060362,121,1
2061188,92,3
2062081,108,3
2062793,86,3
2062908,89,2
2063655,76,10
2064033,81,3
2064622,88,3
2065388,101,2
2066231,123,2
2068584,76,1
2068884,107,2
2069039,115,6
2069541,110,2
2070674,92,1
2071260,99,1
2072653,107,2
2072878,90,1
2073531,86,2
2073608,87,1
2074292,99,1
2074352,81,1
2075454,92,6
2076454,101,3
2078474,81,2
2078636,88,3
2079071,115,2
2079723,86,1
2079919,123,1
2080456,87,2
2081116,85,2
2081124,85,1
2082055,86,2
2082304,103,3
2082415,96,1
2083809,106,1
2085982,119,1
2087411,106,3
2087778,92,1
2088461,87,1
2089954,92,5
2092730,101,2
2093650,77,1
2095951,95,1
2096190,96,2
2096505,92,2
2096541,103,1
2097507,83,4
2099955,89,1
2101978,123,1
2102437,101,1
2102710,81,1
2103187,108,1
2104133,91,1
2104668,75,1
2106491,91,1
2107002,83,1
2107683,76,4
2107935,76,1
2109462,91,1
2110104,92,1
2110275,90,2
2111288,76,1
2113621,113,1
2113670,101,4
2114028,116,2
2114266,81,1
2115121,86,2
2116679,76,1
2117228,76,2
2117586,81,2
2118297,103,1
2119112,116,4
2119687,110,3
2120332,116,6
2120563,116,2
2123865,99,1
2123888,120,1
2124012,86,3
2125256,86,1
2125412,86,4
2127043,92,3
2128251,88,3
2128570,112,1
2128852,105,1
2128875,103,4
2128934,108,2
2129162,91,7
2129722,107,1
2130064,88,2
2131604,81,1
2131650,86,1
2132568,83,2
2132705,117,1
2132784,95,2
2132828,106,4
2133862,86,1
2134553,91,4
2136334,84,1
2138998,92,4
2139015,95,1
2139265,96,2
2139538,86,1
2140281,81,1
2142527,76,3
2142609,122,1
2142989,108,1
2142994,77,4
2143046,87,1
2143115,83,2
2143129,121,1
2144037,95,1
2146004,123,1
2146507,86,4
2146962,86,2
2147737,97,3
2152301,116,4
2152334,102,5
2152683,124,1
2152875,88,1
2153650,96,1
2153990,121,1
2154933,94,1
2155659,103,6
2156731,120,5
2157213,75,3
2158045,101,2
2158183,86,2
2158282,99,3
2159989,111,1
2160860,76,3
2162636,76,1
2163084,100,1
2163250,86,2
2163418,98,1
2165267,99,1
2165717,88,1
2166557,113,1
2167340,86,1
2167896,96,2
2169773,103,2
2171657,99,1
2172351,86,1
2172668,97,4
2173088,115,1
2173546,91,4
2173666,93,1
2173845,81,2
2174329,93,1
2174332,82,1
2176927,113,1
2178448,96,5
2178778,93,1
2183955,103,1
2186177,81,2
2186384,108,1
2186995,93,1
2187145,113,1
2187375,101,1
2188089,116,3
2188173,86,1
2190032,88,7
2190202,96,2
2190463,82,1
2190816,91,1
2190900,78,1
2193198,86,2
2193611,121,2
2194123,99,1
2194557,115,3
2194632,101,1
2195573,124,5
2195615,101,1
2197418,96,5
2197504,84,5
2199987,77,1
2203429,101,1
2203977,108,3
2205596,91,3
2206371,112,2
2206477,101,2
2206802,92,1
2208682,92,4
2209361,92,1
2210265,121,1
2210308,111,1
2210907,103,3
2211518,101,1
2215336,86,1
2215958,85,1
2216106,93,1
2216245,90,2
2216643,117,1
2216926,99,1
2218582,92,2
2221071,81,1
2222346,82,1
2222748,86,1
2222997,96,2
2223287,78,7
2224075,81,4
2225836,95,2
2226878,91,3
2227488,81,2
2229337,86,1
2229997,94,1
2230469,106,2
2231287,116,1
2231941,115,1
2232406,86,1
2232686,96,2
2233055,81,5
2233439,83,2
2234334,121,1
2234570,121,1
2236327,96,1
2236601,96,14
2238194,96,4
2238688,97,2
2238920,99,4
2238929,103,3
2239069,106,4
2239569,100,3
2244656,78,1
2245013,92,1
2245291,86,1
2245337,101,1
2246297,92,6
2252250,103,1
2256274,77,4
2256382,112,2
2256765,106,1
2257177,92,1
2257317,86,1
2257550,86,1
2258100,116,2
2258176,77,2
2258944,86,2
2259438,106,1
2259469,98,2
2260517,90,1
2260583,92,7
2261202,81,1
2261240,76,1
2261617,76,5
2262923,84,1
2263119,84,2
2264188,84,1
2264361,84,2
2264476,103,6
2265936,121,1
2266812,77,3
2267117,94,2
2267127,91,2
2267916,115,1
2268220,91,2
2268245,97,1
2269126,103,4
2269380,103,2
2270324,117,1
2271509,121,3
2271997,106,1
2272433,92,1
2274062,123,1
2274438,92,3
2274501,95,5
2274627,92,4
2276580,106,3
2276829,86,2
2279859,97,4
2279965,86,3
2279979,97,3
2280137,117,5
2280716,89,13
2282034,118,1
2282041,86,9
2282298,97,1
2287118,101,1
2287903,86,7
2288670,84,1
2289550,80,3
2289698,81,2
2290026,117,1
2291494,97,4
2291558,86,3
2294071,88,6
2295782,86,1
2295832,103,2
2296654,92,1
2296673,87,1
2297336,87,1
2297839,100,3
2298918,96,1
2299361,96,1
2300197,88,26
2301911,97,1
2302239,79,3
2302310,86,2
2303463,81,4
2303846,88,1
2304163,101,2
2305560,76,10
2306112,96,1
2306115,90,1
2307432,97,8
2307511,96,2
2308460,123,10
2308646,111,7
2308783,88,2
2309925,96,2
2312697,76,1
2314078,103,2
2314448,111,4
2316365,121,1
2316413,96,3
2316802,97,1
2317410,118,3
2317638,84,1
2318097,99,1
2319643,123,3
2319760,76,1
2319767,96,1
2320850,100,5
2321001,114,1
2321064,96,1
2321210,99,5
2321412,123,2
2321728,90,1
2322567,75,2
2324439,100,2
2325884,96,1
2327077,121,1
2327226,81,3
2327913,88,1
2328119,95,2
2328795,95,1
2329588,83,1
2330283,99,1
2330317,112,1
2333198,106,1
2333827,81,2
2333881,117,1
2334003,82,3
2334501,115,1
2336295,81,7
2336463,97,3
2337351,99,2
2339486,77,5
2339716,90,2
2340422,87,1
2340578,103,3
2341011,90,2
2341529,99,2
2343070,93,2
2344214,81,6
2347134,86,1
2347203,121,4
2348043,96,1
2348712,96,1
2348925,86,2
2349409,86,3
2350023,122,1
2350175,93,3
2351151,105,3
2351386,96,1
2352054,96,1
2352072,90,1
2353012,106,3
2354058,103,2
2355273,81,3
2355663,96,2
2355697,106,1
2355836,101,1
2356076,99,3
2356473,106,3
2357058,86,1
2357599,121,1
2358193,83,3
2358801,81,4
2358916,123,4
2359924,81,3
2361737,89,1
2361772,76,3
2361982,89,1
2362015,106,6
2363124,99,1
2366094,104,1
2367318,100,1
2367413,75,8
2368984,96,1
2369042,106,1
2369484,101,1
2369556,93,3
2369629,112,1
2371037,89,3
2372454,86,2
2373294,123,2
2373430,117,2
2374369,82,1
2376388,108,2
2377537,92,1
2377718,97,3
2380788,86,2
2381575,103,1
2381797,92,2
2382096,97,2
2382709,93,2
2383094,93,2
2383459,76,2
2384078,76,19
2384504,81,1
2385918,97,1
2386368,76,1
2386756,124,1
2387959,86,4
2388239,83,3
2388383,116,1
2389337,95,4
2389613,95,10
2390684,78,1
2391917,81,1
2392931,92,3
2395082,91,1
2397055,118,3
2398977,91,3
2399007,91,2
2399019,82,2
2399478,88,1
2399903,86,1
2400038,103,1
2400985,86,1
2404100,86,3
2405714,92,1
2406390,107,1
2408908,96,4
2409136,76,1
2409674,103,1
2411148,91,2
2411514,85,5
2411864,90,4
2412041,76,1
2412235,106,1
2412607,108,2
2415029,95,1
2415429,103,1
2418286,101,1
2418549,86,1
2418919,93,3
2420543,100,1
2421188,100,2
2421500,100,2
2424099,94,2
2424696,100,3
2428409,88,3
2428532,91,3
2429603,123,1
2430543,79,2
2431633,90,1
2431636,86,2
2432576,96,3
2432628,90,2
2432835,86,1
2433481,83,2
2434499,111,4
2436195,88,2
2442838,111,9
2443115,116,1
2443787,115,2
2444138,86,1
2446282,106,1
2446927,90,2
2447127,82,2
2447894,105,1
2447935,99,2
2448367,92,4
2451460,107,1
2452335,97,1
2452492,101,1
2453557,93,2
2455263,81,2
2455395,86,3
2456105,91,1
2460018,81,2
2460067,105,5
2460908,106,4
2461560,106,2
2462269,81,1
2465006,87,1
2467091,123,3
2468320,118,3
2468994,79,1
2470057,123,4
2470541,96,1
2470765,82,2
2473202,80,1
2474396,121,2
2475015,120,1
2475362,123,1
2476729,101,1
2478025,123,2
2479393,80,1
2483686,91,3
2484120,86,2
2484176,97,2
2484469,86,1
2484981,86,2
2485501,99,1
2486410,81,4
2486430,114,1
2486832,81,1
2487121,86,2
2488464,99,2
2488848,97,2
2489528,88,2
2489616,99,1
2490485,101,1
2490574,97,1
2492317,88,1
2492717,101,1
2492756,96,1
2494973,123,2
2495185,99,2
2496241,123,2
2496629,89,3
2497041,99,4
2499290,86,3
2500401,85,2
2501568,86,3
2502197,123,1
2502353,119,4
2502360,92,1
2502488,96,6
2502865,86,3
2502971,96,7
2503940,81,2
2504165,108,2
2505422,112,1
2505426,117,1
2506896,91,1
2509108,99,1
2511240,97,3
2513171,91,1
2515435,92,3
2516487,86,1
2518475,121,3
2518721,111,2
2522148,103,4
2522598,76,1
2522799,76,2
2523479,86,2
2524008,97,1
2524721,85,1
2524941,92,4
2525132,99,2
2525747,93,1
2525772,111,1
2526376,99,1
2526534,111,2
2527279,96,1
2528959,123,5
2529107,86,1
2529379,115,1
2530929,86,4
2531055,96,1
2531422,86,2
2532043,92,2
2532899,96,2
2533355,113,2
2536790,92,1
2538771,101,1
2539920,85,1
2540005,85,1
2540145,101,1
2540540,111,2
2541466,90,1
2542349,123,1
2546399,105,1
2546906,96,4
2548273,119,1
2549269,75,7
2550653,93,3
2550747,81,1
2550948,83,1
2551136,76,7
2551636,86,4
2552283,106,3
2553251,101,1
2554652,96,1
2556172,101,1
2556270,106,2
2556395,106,2
2557434,95,3
2559757,86,2
2560218,119,5
2561040,86,3
2563580,75,3
2563584,106,1
2563961,117,2
2564840,123,3
2565490,117,1
2565812,106,4
2566754,77,4
2567167,90,1
2567215,82,2
2569708,75,2
2570520,89,1
2571173,86,2
2572992,77,1
2573836,109,2
2574206,96,5
2574346,106,1
2574535,86,1
2574587,106,1
2577397,76,1
2577687,107,1
2579542,86,2
2581690,88,1
2581847,92,3
2582549,108,2
2583168,106,2
2584173,77,1
2588558,99,1
2589509,95,7
2591357,122,2
2591392,81,3
2591838,96,3
2591974,96,3
2594984,86,1
2595915,86,2
2598654,92,2
2598880,103,2
2600420,92,1
2600633,86,1
2600907,121,3
2605898,92,3
2606872,106,5
2607063,91,1
2608295,85,1
2609355,82,2
2610728,76,1
2610849,87,1
2611582,106,3
2612495,81,1
2615605,76,4
2616040,94,3
2617423,120,2
2617704,117,3
2618891,123,3
2618921,116,3
2620589,90,2
2620662,76,1
2620689,101,1
2620717,103,1
2621133,82,2
2621684,92,2
2622552,92,4
2622658,92,3
2624039,96,6
2624256,106,2
2624603,86,2
2625399,80,2
2628048,106,3
2628199,93,2
2629623,92,1
2629939,99,2
2630359,101,1
2630418,92,13
2632106,106,1
2632799,100,1
2633724,92,1
2636847,91,4
2636973,106,6
2637955,93,3
2640247,113,1
2641080,78,2
2641582,80,1
2641867,80,2
2643704,101,10
2644112,76,2
2645206,82,1
2645880,89,5
2645937,113,3
2646480,122,1
2647019,86,1
2647241,91,1
2647473,92,1
2648822,92,1
2650181,79,2
2651118,86,1
2651375,76,2
2652820,122,1
2655086,79,3
2656708,76,2
2658130,92,2
2659771,114,2
2661132,123,1
2662409,92,2
2664052,99,1
2664288,96,2
2670071,89,2
2670350,123,18
2676431,103,2
2676653,88,2
2678457,80,1
2679061,92,3
2680119,92,1
2681845,92,1
2682764,99,1
2684907,88,1
2686075,76,1
2686836,86,1
2686876,92,1
2688226,95,1
2688663,121,2
2689777,86,1
2690270,86,2
2690304,80,1
2690698,76,3
2691213,81,1
2695167,106,5
2695824,85,2
2696225,88,1
2699563,121,2
2699740,96,1
2700120,92,2
2700175,123,5
2700911,86,1
2701553,111,1
2702162,81,2
2702340,111,3
2705109,96,7
2705321,78,1
2705422,114,1
2705781,96,1
2707784,103,1
2707847,96,2
2708147,96,4
2709391,81,1
2711952,116,3
2712819,92,1
2714152,95,1
2714244,116,8
2717824,79,1
2720703,81,2
2721337,123,3
2721897,80,3
2722064,80,1
2723060,101,2
2723408,90,1
2723774,107,4
2723899,96,4
2723916,119,1
2724440,107,1
2725552,88,1
2727385,86,1
2728819,92,4
2729113,107,1
2729318,85,1
2729476,92,1
2730299,101,1
2730458,117,3
2730476,86,1
2731111,116,1
2731452,92,3
2731925,82,3
2732543,99,1
2733430,101,1
2734680,121,1
2737134,92,1
2739337,107,8
2740168,83,2
2740435,116,3
2741086,95,2
2741257,75,2
2741986,81,2
2742596,89,1
2743127,107,3
2743181,88,4
2745139,101,1
2745972,90,1
2746803,92,3
2747940,119,3
2749616,96,3
2751629,88,2
2752294,121,1
2753626,99,2
2753968,78,1
2754090,82,1
2755312,115,3
2755609,96,1
2757881,99,2
2758589,96,3
2763938,93,1
2764817,99,1
2765835,91,2
2767298,111,6
2767777,77,4
2768382,76,1
2769397,108,1
2769522,108,1
2770493,121,1
2774468,86,2
2774830,80,5
2775091,85,1
2776602,76,2
2778377,123,11
2779634,118,1
2779859,122,1
2780813,113,1
2783351,79,1
2783384,110,3
2786071,76,4
2787921,106,1
2789623,86,1
2789652,121,1
2792770,109,2
2796093,78,1
2796958,96,4
2797099,86,1
2797322,86,8
2798394,109,1
2798468,90,1
2799666,112,1
2800895,101,1
2801130,91,1
2801338,76,1
2805740,86,2
2807844,85,2
2809449,101,1
2809597,76,1
2811174,90,4
2812789,119,1
2813266,86,2
2815956,80,1
2816008,100,4
2816194,101,1
2817235,112,3
2817714,88,2
2818060,103,1
2819817,107,1
2821815,86,5
2824649,85,2
2825377,91,1
2826098,86,1
2827070,83,1
2827799,107,3
2828340,76,1
2828429,119,6
2828633,123,2
2829147,123,6
2833954,91,1
2835269,86,1
2836343,76,3
2837639,119,1
2840470,96,3
2844126,85,2
2844915,90,2
2845570,82,1
2846872,116,8
2846939,116,1
2848094,82,2
2848507,116,2
2850062,78,1
2850435,86,1
2850443,101,1
2852768,93,2
2854003,84,2
2854836,90,4
2855751,78,2
2856398,92,2
2856451,86,2
2856463,86,1
2856669,92,4
2858873,81,2
2859538,76,1
2859835,119,1
2859947,92,1
2861008,120,3
2861120,107,2
2861470,119,2
2861862,91,2
2862708,101,1
2864436,106,5
2867287,81,1
2867306,86,1
2868552,77,4
2869585,119,2
2870130,81,3
2870409,88,5
2871028,123,9
2871931,100,1
2873500,106,1
2873668,106,2
2873685,99,1
2874325,75,1
2874405,101,4
2874704,111,1
2875394,82,2
2877327,111,2
2881365,86,1
2881929,97,3
2886030,90,1
2888904,106,1
2889349,90,1
2889389,119,2
2889710,118,1
2890699,111,1
2891589,92,1
2891979,87,1
2893764,85,1
2896517,87,1
2898523,95,1
2898590,90,7
2900057,84,1
2902688,76,3
2902859,121,2
2903459,76,3
2903530,90,2
2904622,120,2
2908347,83,4
2910008,86,1
2911094,76,2
2912048,91,2
2913354,87,1
2913759,123,1
2914049,76,1
2914088,106,1
2915112,84,1
2916373,81,5
2916931,75,2
2923078,119,2
2923987,81,2
2925093,121,5
2928456,92,6
2928752,121,1
2929291,92,4
2929532,92,2
2930110,80,4
2931406,117,1
2931884,118,2
2932761,119,1
2933530,96,2
2934263,115,8
2935220,118,5
2935250,92,2
2936352,86,2
2937577,81,6
2938380,106,1
2938604,80,3
2938828,118,1
2939138,88,5
2940305,106,1
2940450,106,3
2943352,89,6
2943804,92,2
2944050,80,1
2944671,95,6
2945410,99,1
2945742,97,1
2946427,106,6
2946539,86,2
2948697,101,1
2950387,96,1
2953724,90,1
2955249,101,3
2956618,75,1
2956882,76,1
2956934,89,4
2959664,103,5
2962155,78,1
2965300,76,2
2965910,76,1
2966320,101,3
2966769,76,1
2966895,98,7
2967209,101,2
2968610,106,1
2969691,123,1
2971417,82,2
2973151,118,4
2978847,77,5
2980221,99,1
2981439,89,1
2981635,106,1
2984178,90,3
2984844,90,2
2984911,86,3
2985569,86,1
2987331,81,3
2988754,86,1
2988998,106,3
2991867,120,1
2997993,119,3
2998014,101,2
2998628,90,5
3001298,96,1
3002236,119,2
3002504,120,1
3005662,90,3
3007341,86,2
3009358,91,2
3010231,95,3
3011012,84,1
3011094,114,1
3019321,81,2
3019951,111,1
3022571,115,2
3022880,76,5
3023238,106,1
3023348,86,2
3024218,80,3
3024943,76,4
3025388,105,1
3025525,80,1
3025530,119,3
3025820,81,1
3026744,86,2
3027605,87,6
3028806,99,6
3034014,104,4
3034050,92,1
3036085,107,2
3037732,83,1
3038023,119,1
3038715,99,1
3038806,116,2
3040785,109,3
3041534,88,6
3041699,99,1
3043651,76,1
3045949,111,3
3048569,76,1
3048684,91,1
3049276,81,1
3052688,119,3
3053216,83,1
3055905,96,1
3056423,97,3
3057034,111,1
3059377,81,2
3063347,81,3
3064171,86,1
3066590,77,1
3067729,101,7
3067786,115,6
3068251,106,3
3068555,101,5
3071691,122,1
3072076,90,1
3078181,87,5
3078388,115,15
3080844,90,1
3081079,119,6
3082836,76,1
3084249,113,3
3085526,103,2
3086093,111,2
3086141,96,1
3087248,121,1
3087968,96,3
3089859,80,1
3090075,80,3
3090786,115,2
3094133,119,2
3095296,81,1
3096666,119,2
3100549,86,1
3101545,119,2
3105671,86,2
3105976,90,1
3106340,85,2
3108258,117,1
3110751,90,1
3113759,111,2
3114201,98,1
3115146,110,10
3116109,88,13
3116596,92,1
3118099,113,1
3119629,88,3
3120091,88,2
3120124,88,1
3121045,108,1
3123046,83,1
3123457,115,3
3125505,97,3
3126811,123,4
3127619,86,7
3127793,105,6
3130240,111,1
3131640,90,1
3131691,86,3
3131854,110,1
3132863,103,1
3135782,89,6
3136163,106,1
3136506,107,2
3137339,95,1
3139249,83,1
3140690,92,1
3140768,81,2
3141920,80,4
3147749,79,1
3148743,86,14
3154324,87,9
3157338,86,1
3160994,86,9
3161959,101,5
3165385,121,2
3167020,111,1
3168476,86,6
3169227,114,1
3173875,108,1
3179105,103,2
3185515,92,1
3185575,96,1
3185806,86,3
3186395,119,1
3189580,117,1
3191232,94,2
3193192,101,2
3193774,86,8
3197114,103,2
3197626,90,1
3199326,92,1
3199379,75,3
3199934,90,4
3200023,109,2
3202203,86,3
3202576,76,2
3202745,110,1
3203386,85,1
3215019,119,2
3215945,90,2
3216207,105,2
3218081,116,1
3220022,86,2
3222013,120,52
3224335,88,1
3224535,121,1
3225221,90,1
3226058,78,1
3226143,121,1
3227036,90,4
3227736,88,2
3229296,87,1
3229297,101,3
3233642,119,3
3237431,101,5
3238045,92,4
3238407,116,2
3238842,89,4
3239928,101,3
3240532,96,6
3242404,121,4
3243954,121,3
3244479,82,1
3245689,120,3
3245873,92,2
3247463,99,3
3248181,96,1
3248271,106,1
3255131,84,3
3257629,114,2
3258592,103,1
3259440,114,2
3263665,104,3
3263823,84,3
3265716,90,1
3267290,99,2
3268097,123,1
3271676,91,1
3274430,79,1
3275746,106,1
3276613,90,3
3277978,103,4
3278402,96,1
3278468,96,2
3279357,96,4
3280099,99,1
3281008,121,4
3281984,109,1
3282018,81,3
3282333,111,3
3283623,99,1
3284929,90,5
3286581,90,1
3287361,90,1
3289691,103,1
3290945,119,3
3292511,81,6
3293683,80,1
3293774,86,6
3293940,101,1
3294259,118,5
3296706,99,1
3299607,119,1
3301220,116,1
3302408,103,1
3304998,90,2
3305967,76,1
3308615,86,1
3310134,106,3
3311158,86,3
3313248,102,1
3316146,81,1
3322238,115,4
3323740,81,1
3324900,86,16
3325719,81,5
3326365,119,1
3326581,86,2
3327217,80,3
3328264,89,1
3332002,111,7
3332440,114,1
3334324,81,1
3334580,106,1
3336319,76,7
3336562,116,1
3336826,103,2
3339741,78,1
3342377,103,4
3342477,124,2
3344252,86,1
3345303,80,2
3346800,92,2
3348869,111,1
3348933,87,1
3349195,103,1
3350743,116,1
3350801,76,4
3353482,99,1
3358252,86,5
3358895,76,1
3361141,90,1
3361958,99,2
3367308,76,3
3368260,109,2
3372003,106,1
3378585,84,1
3378894,92,2
3379840,99,1
3380027,119,2
3381622,106,1
3382022,91,3
3382889,86,6
3383586,116,2
3385401,93,2
3386160,86,1
3386329,106,1
3388772,99,1
3389112,90,4
3389129,111,2
3390872,103,3
3397871,106,1
3399252,119,1
3400024,90,1
3400703,84,1
3401276,119,3
3403029,117,1
3405352,121,4
3405886,92,2
3407644,99,6
3407740,110,1
3413224,86,3
3414590,90,1
3414733,121,1
3415251,100,1
3416923,85,2
3419508,100,2
3419904,96,1
3420071,88,15
3420731,92,1
3423049,99,1
3425140,76,1
3427097,89,4
3428908,119,3
3428966,77,3
3431645,92,1
3432904,124,4
3434681,106,1
3434844,86,3
3435116,86,3
3438464,116,2
3440442,86,1
3440767,111,1
3443667,117,2
3443729,80,4
3444160,106,11
3444260,80,1
3446894,124,1
3447980,90,1
3448777,110,1
3449015,110,1
3451856,86,1
3451861,123,3
3456763,86,2
3457934,105,8
3458121,117,1
3458147,101,1
3458177,121,9
3462877,124,3
3464747,76,2
3466437,103,2
3466961,77,1
3470853,95,1
3474115,89,1
3475377,86,2
3475920,77,4
3477105,100,4
3477765,119,1
3480181,123,5
3480675,120,1
3484135,119,3
3487913,75,2
3488694,88,4
3490426,84,2
3491797,86,3
3492199,90,1
3492912,99,1
3493141,123,6
3493165,121,1
3493221,92,2
3494090,101,4
3494265,114,2
3494618,86,1
3494861,107,1
3497313,86,1
3501247,90,2
3501329,117,2
3501502,107,1
3506849,107,1
3507926,120,1
3509959,80,2
3514885,101,1
3516284,90,3
3517094,96,3
3519244,87,5
3524742,101,1
3525572,93,1
3526766,80,2
3527181,99,2
3528411,116,4
3532333,111,4
3533418,81,2
3542371,111,5
3542422,87,4
3542825,86,3
3542943,78,1
3543420,111,22
3544512,115,1
3545390,114,3
3548159,115,2
3548719,75,1
3554877,106,2
3559872,99,3
3561400,92,1
3561837,92,2
3563098,89,1
3565780,105,5
3566832,92,1
3568171,98,1
3569501,87,3
3570145,103,1
3570191,103,2
3571145,106,2
3573678,99,3
3575353,98,2
3577744,90,1
3580292,107,1
3583746,103,1
3584060,103,1
3584073,92,4
3588125,92,4
3588408,106,1
3590391,86,3
3591998,91,1
3594245,86,3
3594318,106,1
3594879,86,3
3595531,115,1
3595832,111,6
3597900,78,1
3599768,93,2
3602766,86,1
3604639,78,6
3604756,75,5
3608100,107,1
3610357,90,5
3613726,109,3
3616704,88,1
3616795,86,7
3620105,90,4
3620743,123,1
3621435,92,3
3622881,98,1
3626102,90,1
3626540,106,1
3626715,76,1
3627769,107,2
3634838,86,4
3635124,86,4
3635457,86,1
3638780,115,3
3639635,121,1
3639787,106,2
3641007,83,1
3642749,99,2
3642759,85,7
3642915,118,1
3645133,117,3
3649408,116,4
3650718,119,1
3651682,86,4
3655594,93,1
3655635,93,3
3659070,116,2
3659259,91,1
3659346,91,1
3659951,105,3
3663914,81,1
3666199,116,2
3667294,86,3
3669122,110,1
3671459,76,3
3675073,86,3
3675301,90,2
3675683,121,1
3676159,90,2
3677074,98,1
3679372,88,5
3679837,78,1
3682703,110,1
3685129,123,5
3686209,110,5
3686935,90,1
3688202,86,1
3688473,90,3
3688552,118,3
3692450,86,2
3692591,114,1
3693178,90,2
3693369,88,3
3699130,116,10
3699481,80,1
3704594,115,2
3705799,85,1
3705822,86,3
3707886,76,6
3710808,76,2
3710907,92,1
3711811,88,1
3714284,124,1
3714738,76,2
3716079,105,3
3716868,90,1
3717108,76,1
3717415,109,1
3717746,100,1
3717940,97,1
3719792,110,1
3719864,103,1
3720947,78,2
3721638,97,6
3722484,93,5
3722684,110,2
3726000,121,2
3726802,93,1
3728641,90,4
3729172,92,6
3731169,106,2
3733871,116,1
3737180,90,5
3739860,87,2
3741095,106,4
3741668,83,1
3742997,106,4
3744166,115,3
3744337,79,3
3745212,106,2
3745471,87,1
3747793,76,4
3752651,106,5
3754077,119,2
3754489,91,1
3755426,115,2
3755900,114,2
3756436,111,1
3760187,85,2
3761266,82,1
3764708,80,2
3769604,76,3
3771039,96,2
3771589,92,1
3772623,92,2
3772991,111,3
3773079,81,9
3773618,106,2
3774375,99,2
3776424,119,1
3778006,90,3
3779709,114,1
3781483,115,7
3783500,90,1
3784103,98,2
3784473,115,1
3784622,88,1
3787405,116,2
3788128,115,1
3788668,96,2
3790874,92,1
3793773,116,2
3794358,92,2
3795019,88,1
3798376,91,2
3800482,105,3
3800591,84,1
3801770,101,1
3802096,90,2
3802324,90,5
3802398,111,1
3804009,97,2
3804505,76,1
3804795,83,3
3809808,120,1
3811540,116,2
3811890,92,4
3818801,99,2
3819339,100,4
3819833,90,4
3820338,92,1
3820488,92,1
3821749,103,1
3821860,90,4
3822259,88,2
3822477,78,1
3823060,87,1
3823233,90,1
3823243,115,2
3824242,87,1
3824472,90,2
3825218,95,1
3825962,92,5
3826599,92,4
3826701,90,1
3826765,90,2
3828899,92,3
3829011,116,2
3829863,86,2
3829929,90,1
3831211,88,1
3831449,81,3
3831932,79,1
3832060,90,4
3834884,111,2
3835188,120,5
3836550,93,1
3836582,88,1
3837277,76,1
3840192,95,1
3841526,86,1
3842104,90,1
3844210,115,2
3844223,82,1
3847327,93,1
3848001,121,2
3849025,123,3
3849052,91,9
3850625,103,1
3853610,96,1
3856289,120,3
3857280,81,1
3857886,88,2
3858443,92,1
3861782,103,1
3863921,121,4
3864934,116,2
3865254,81,7
3865640,121,3
3868192,115,7
3869118,111,2
3871241,81,1
3871274,109,1
3874626,88,3
3875079,119,3
3876028,92,1
3876200,98,1
3878990,81,1
3883165,103,1
3885551,81,2
3886338,112,2
3886683,81,2
3887739,99,1
3887759,116,3
3888981,124,1
3889952,81,2
3896629,121,1
3898217,79,2
3901504,103,2
3901833,103,1
3903594,104,1
3905219,92,4
3906197,84,2
3908008,114,1
3908259,81,2
3909063,121,1
3909566,111,1
3910607,75,1
3911473,84,1
3911631,108,1
3913310,101,2
3913388,90,3
3915307,90,3
3918624,121,1
3919427,107,4
3921040,82,1
3922324,111,3
3922855,121,1
3924810,86,1
3928692,111,3
3929300,92,6
3930746,121,4
3931331,105,1
3931957,81,1
3932524,97,7
3932873,75,1
3933229,106,2
3934194,90,6
3934876,76,2
3947191,83,2
3950437,90,3
3950505,103,1
3952946,82,1
3953233,116,4
3954316,86,5
3955631,81,1
3955896,82,1
3957872,86,1
3960834,81,3
3961483,106,3
3963802,110,1
3965192,111,2
3966753,96,7
3969380,92,1
3974359,90,1
3977347,106,9
3978014,86,2
3981582,123,7
3985637,86,2
3986977,121,1
3987960,82,2
3988798,96,1
3990700,86,5
3996086,101,2
3996146,76,1
3996732,90,3
3999250,118,1
4001535,107,2
4004397,88,1
4006924,83,1
4007987,92,1
4008962,103,1
4010385,103,1
4012524,116,2
4013518,86,1
4016213,122,6
4019640,92,2
4022147,82,2
4025732,91,1
4026856,115,1
4026884,78,1
4028290,92,5
4029063,84,2
4032735,92,1
4036807,108,3
4038883,84,3
4042760,86,2
4051154,115,1
4053262,92,1
4054996,75,2
4056824,97,3
4057771,109,3
4062447,109,1
4066728,76,2
4067792,81,5
4069924,101,1
4072904,86,3
4073095,117,2
4074670,80,2
4074815,84,3
4074951,84,5
4077882,78,3
4081573,80,1
4081576,97,6
4081769,75,1
4081864,86,2
4082320,86,5
4085595,82,2
4086449,86,5
4090044,119,2
4096358,86,1
4097684,101,2
4098964,115,1
4101457,86,1
4102158,112,1
4102186,92,1
4105634,92,1
4106929,101,1
4107300,76,2
4108886,117,1
4112264,76,3
4113836,95,1
4113974,111,1
4115443,123,2
4115840,123,1
4117136,86,2
4119477,111,4
4120316,86,4
4121356,84,1
4121878,80,2
4124584,111,2
4127237,92,3
4129782,92,1
4134340,86,1
4136053,98,1
4137507,76,2
4138525,101,1
4144274,116,1
4145578,113,1
4148419,119,1
4156288,120,2
4160020,81,2
4160046,105,2
4160591,84,2
4166516,92,5
4169028,106,1
4170193,111,5
4170627,84,2
4171936,115,1
4172307,115,3
4179062,76,6
4179642,108,3
4182177,106,3
4182970,96,1
4182988,111,2
4183179,90,1
4184484,100,1
4185914,106,1
4189400,86,3
4192371,86,1
4192586,118,1
4193086,82,2
4195134,80,1
4197565,116,1
4201060,120,2
4201291,115,1
4203848,75,1
4206217,115,4
4206241,106,2
4206702,116,2
4207762,124,2
4210864,111,1
4211157,120,1
4222124,91,1
4227427,86,3
4228906,84,3
4230187,90,3
4231110,103,2
4231199,80,2
4233169,99,3
4233395,77,4
4234386,115,3
4234630,118,2
4234777,88,3
4236963,79,1
4241938,103,1
4245081,90,2
4245594,86,1
4245610,94,4
4248368,88,1
4249541,96,2
4250843,86,3
4254474,83,3
4258494,83,1
4261890,81,3
4262253,82,3
4266435,114,1
4268666,121,1
4268957,76,1
4270338,85,2
4272161,100,1
4272374,90,1
4275559,86,3
4276255,76,2
4276549,76,4
4281322,81,1
4283435,116,3
4288764,86,1
4289163,75,4
4289850,80,1
4292504,120,1
4298083,96,6
4299051,87,2
4303633,96,2
4304233,84,1
4306942,110,2
4309153,122,1
4310595,76,1
4312095,124,4
4314270,99,2
4320178,79,1
4327908,101,3
4331888,78,1
4333711,117,2
4336016,90,5
4336620,99,1
4336698,105,1
4340476,80,3
4340536,118,3
4341541,124,1
4344563,84,5
4352759,101,6
4353491,122,1
4353715,81,2
4354232,99,3
4354942,115,1
4357811,106,1
4358634,108,1
4359648,103,1
4360068,105,1
4361512,86,1
4362116,99,1
4362738,101,1
4364197,101,1
4364704,76,5
4365057,101,2
4365877,106,1
4370555,106,1
4372484,84,1
4374070,88,1
4375640,81,1
4375937,121,1
4377573,118,1
4378491,78,1
4380497,124,1
4383415,83,4
4383631,105,2
4383721,83,2
4384097,105,14
4384371,83,1
4384708,103,1
4386596,108,1
4393435,90,2
4393748,105,1
4395194,111,3
4397738,101,1
4399475,106,2
4401792,81,1
4401876,98,3
4401881,115,2
4401913,106,1
4403661,101,1
4404346,111,1
4406078,105,1
4410694,103,1
4411418,111,1
4415148,77,4
4415598,103,2
4415697,90,2
4417410,83,1
4417746,99,4
4417994,123,1
4418901,75,1
4419628,81,1
4421192,76,2
4421257,83,3
4424540,88,2
4425199,103,3
4425971,86,7
4426333,89,2
4433842,86,1
4435761,111,1
4440431,90,1
4440736,91,1
4442174,118,2
4442557,78,1
4446208,75,3
4446395,83,4
4454755,103,1
4456445,84,4
4457009,103,3
4457513,84,2
4461135,118,3
4464888,76,3
4465256,93,4
4465748,123,1
4470790,99,2
4473475,79,1
4473531,76,4
4477226,110,1
4477957,86,3
4483578,97,2
4483600,122,1
4485576,111,1
4485781,76,1
4488619,76,5
4491956,106,1
4492885,81,3
4493849,93,3
4500337,103,4
4500511,121,1
4502827,80,4
4507747,120,2
4508058,103,3
4508409,121,1
4510813,83,3
4513367,87,4
4517065,76,1
4525001,83,1
4528960,123,11
4529098,88,1
4531214,86,2
4533416,107,1
4536437,85,1
4541089,114,1
4541970,86,1
4543582,101,1
4548538,85,2
4549325,81,1
4550153,88,7
4551222,85,1
4555511,85,2
4564969,90,2
4565109,90,3
4568034,85,4
